label	size	client	cores	parallel	wall_s	cpu_s	rows	s_id	ok
10	10gb	naive-java	16	1	98.7	122.5	22586497	255074912072256	yes
10	10gb	duckdb	16	1	62.0	51.2	22586497	255074912072256	yes
10	10gb	duckdb	16	16	9.0	81.0	22586497	255074912072256	yes
10	10gb	apilytics	16	1	170.106	202.4	22586497	255074912072256	yes
10	10gb	apilytics	16	16	28.189	435.9	22586497	255074912072256	yes
25	10gb	naive-java	16	1	98.0	120.0	22586497	255074912072256	yes
25	10gb	duckdb	16	1	62.2	51.3	22586497	255074912072256	yes
25	10gb	duckdb	16	16	6.6	88.7	22586497	255074912072256	yes
25	10gb	apilytics	16	1	171.104	205.2	22586497	255074912072256	yes
25	10gb	apilytics	16	16	27.658	431.9	22586497	255074912072256	yes
10	10gb	apilytics-cluster-2w	16	16	19.46		22586497	255074912072256	yes
25	10gb	apilytics-cluster-2w	16	16	19.571		22586497	255074912072256	yes
off	10gb	apilytics-cluster-2w	16	16	20.519		22586497	255074912072256	yes
10	10gb	apilytics-cluster-4w	32	32	10.654		22586497	255074912072256	yes
25	10gb	apilytics-cluster-4w	32	32	10.503		22586497	255074912072256	yes
off	10gb	apilytics-cluster-4w	32	32	10.489		22586497	255074912072256	yes
10	10gb	apilytics-cluster-8w	64	64	8.849		22586497	255074912072256	yes
25	10gb	apilytics-cluster-8w	64	64	6.026		22586497	255074912072256	yes
off	10gb	apilytics-cluster-8w	64	64	6.055		22586497	255074912072256	yes
25	10gb	duckdb-allcols	16	16	9.2	129.7	22586497	255074912072256	yes
25	10gb	apilytics-allcols	16	16	46.376	713.2	22586497	255074912072256	yes
25	10gb	apilytics-allcols-cluster-8w	16	64	12.482		22586497	255074912072256	yes
